LOCATION,LAT,LONG,POPULATION
ARGENTINA/BUENOS AIRES,-36.660032,-60.66261,15625084.0
ARGENTINA/CABA,-34.607237,-58.439814,2890151.0
ARGENTINA/CATAMARCA,-27.167167,-67.108409,367828.0
ARGENTINA/CHACO,-26.853952000000003,-60.56055799999999,1055259.0
ARGENTINA/CHUBUT,-43.910641,-68.701166,509108.0
ARGENTINA/CORDOBA,-32.352571000000005,-63.636729,3308876.0
ARGENTINA/CORRIENTES,-28.989386,-58.01173000000001,992595.0
ARGENTINA/ENTRE RIOS,-32.352571000000005,-59.15430799999999,1235994.0
ARGENTINA/FORMOSA,-24.996496,-59.63770600000001,530162.0
ARGENTINA/JUJUY,-22.848577,-66.119093,673307.0
ARGENTINA/LA PAMPA,-37.187001,-65.174815,318951.0
ARGENTINA/LA RIOJA,-29.869689,-66.844737,333642.0
ARGENTINA/MENDOZA,-34.624604,-68.646495,1738929.0
ARGENTINA/MISIONES,-27.036593,-54.593774,1101593.0
ARGENTINA/NEUQUEN,-38.6087,-69.657237,551266.0
ARGENTINA/RIO NEGRO,-40.606014,-67.108409,638645.0
ARGENTINA/SALTA,-25.009185,-64.700826,1214441.0
ARGENTINA/SAN JUAN,-31.006317,-68.558604,681055.0
ARGENTINA/SAN LUIS,-33.898216999999995,-65.96583100000001,432310.0
ARGENTINA/SANTA CRUZ,-48.806288,-69.78864200000001,273964.0
ARGENTINA/SANTA FE,-31.302661,-61.250071,3194537.0
ARGENTINA/SANTIAGO DEL ESTERO,-27.868685,-63.241222,874006.0
ARGENTINA/TIERRA DEL FUEGO,-54.336053,-67.679698,127205.0
ARGENTINA/TUCUMAN,-27.127004,-65.306736,1448188.0
ARGENTINA/SANTA FE/9 DE JULIO/ESTEBAN RAMS,-29.771474626950198,-61.489297763401794,
ARGENTINA/SANTA FE/9 DE JULIO/GATO COLORADO,-28.022145147051898,-61.186899540089705,
ARGENTINA/SANTA FE/9 DE JULIO/LOGRONO,-29.503038721403303,-61.6962208615889,
ARGENTINA/SANTA FE/9 DE JULIO/MONTEFIORE,-29.6667435112333,-61.865891856130105,
ARGENTINA/SANTA FE/9 DE JULIO/POZO BORRADO,-28.9375357968403,-61.707201036904706,
ARGENTINA/SANTA FE/9 DE JULIO/SANTA MARGARITA,-28.3124994374905,-61.548930118746206,
ARGENTINA/SANTA FE/9 DE JULIO/TOSTADO,-29.2300116684556,-61.7708203728542,
ARGENTINA/SANTA FE/9 DE JULIO/VILLA MINETTI,-28.6228314381191,-61.62674191677571,
ARGENTINA/SANTA FE/BELGRANO/ARMSTRONG,-32.7852855625095,-61.603353964723205,
ARGENTINA/SANTA FE/BELGRANO/BOUQUET,-32.4235739346083,-61.8895548022825,
ARGENTINA/SANTA FE/BELGRANO/LAS PAREJAS,-32.6816726148248,-61.520022187573296,
ARGENTINA/SANTA FE/BELGRANO/LAS ROSAS,-32.475029685958496,-61.5765739969107,
ARGENTINA/SANTA FE/BELGRANO/MONTES DE OCA,-32.5663799838196,-61.768240383382995,
ARGENTINA/SANTA FE/BELGRANO/TORTUGAS,-32.7474684149875,-61.82115874732511,
ARGENTINA/SANTA FE/CASEROS/AREQUITO,-33.1464172008374,-61.471537397451705,
ARGENTINA/SANTA FE/CASEROS/ARTEAGA,-33.0900301131916,-61.7907370618081,
ARGENTINA/SANTA FE/CASEROS/BERABEVU,-33.3387326622212,-61.8610842540366,
ARGENTINA/SANTA FE/CASEROS/BERAVEBU,-33.3387326622212,-61.8610842540366,
ARGENTINA/SANTA FE/CASEROS/BIGAND,-33.373111037091896,-61.18548433041099,
ARGENTINA/SANTA FE/CASEROS/CASILDA,-33.0456271703707,-61.163331477170296,
ARGENTINA/SANTA FE/CASEROS/CHABAS,-33.2464023424107,-61.3578543607156,
ARGENTINA/SANTA FE/CASEROS/CHANAR LADEADO,-33.323105972392895,-62.0388123936781,
ARGENTINA/SANTA FE/CASEROS/GODEKEN,-33.401245606272,-61.84290156998,
ARGENTINA/SANTA FE/CASEROS/LOS MOLINOS,-33.102202889565504,-61.326592474224604,
ARGENTINA/SANTA FE/CASEROS/LOS QUIRQUINCHOS,-33.3772054975204,-61.7111093901044,
ARGENTINA/SANTA FE/CASEROS/SANFORD,-33.14467540327,-61.2792787767103,
ARGENTINA/SANTA FE/CASEROS/SAN JOSE DE LA ESQUINA,-33.115399924614,-61.704124391775295,
ARGENTINA/SANTA FE/CASEROS/VILLADA,-33.349999645385,-61.44436918073279,
ARGENTINA/SANTA FE/CASTELLANOS/ANGELICA,-31.550645225481702,-61.546235908931294,
ARGENTINA/SANTA FE/CASTELLANOS/ATALIVA,-30.9962510457125,-61.431969967331895,
ARGENTINA/SANTA FE/CASTELLANOS/AURELIA,-31.421778758154698,-61.424952909731104,
ARGENTINA/SANTA FE/CASTELLANOS/BAUER Y SIGEL,-31.2713856269232,-61.942637963760205,
ARGENTINA/SANTA FE/CASTELLANOS/BELLA ITALIA,-31.282298424331604,-61.4103519486495,
ARGENTINA/SANTA FE/CASTELLANOS/CASTELLANOS,-31.155127251466197,-61.7338678991922,
ARGENTINA/SANTA FE/CASTELLANOS/COLONIA ALDAO,-30.9804675879231,-61.743166164970894,
ARGENTINA/SANTA FE/CASTELLANOS/COLONIA BICHA,-30.854405390763002,-61.8496220730398,
ARGENTINA/SANTA FE/CASTELLANOS/COLONIA BIGAND,-31.066355614130398,-61.71930524119221,
ARGENTINA/SANTA FE/CASTELLANOS/COLONIA CELLO,-31.431983122122897,-61.840650955285795,
ARGENTINA/SANTA FE/CASTELLANOS/COLONIA ITURRASPE,-31.4794385731467,-61.6208497561172,
ARGENTINA/SANTA FE/CASTELLANOS/COLONIA MARGARITA,-31.685974567439104,-61.6476537831001,
ARGENTINA/SANTA FE/CASTELLANOS/COLONIA RAQUEL,-30.836585973885697,-61.48797230287379,
ARGENTINA/SANTA FE/CASTELLANOS/CORONEL FRAGA,-31.173846263407103,-61.9181962379416,
ARGENTINA/SANTA FE/CASTELLANOS/EGUSQUIZA,-31.0953660451714,-61.627809505052205,
ARGENTINA/SANTA FE/CASTELLANOS/ESMERALDA,-31.6162480414681,-61.9329214019975,
ARGENTINA/SANTA FE/CASTELLANOS/ESTACION CLUCELLAS,-31.5240785364918,-61.7182255398888,
ARGENTINA/SANTA FE/CASTELLANOS/EUSEBIA Y CAROLINA,-30.946145266458,-61.85717100428229,
ARGENTINA/SANTA FE/CASTELLANOS/EUSTOLIA,-31.5752406804943,-61.7830449291597,
ARGENTINA/SANTA FE/CASTELLANOS/FRONTERA,-31.4358382194786,-62.065216699493504,
ARGENTINA/SANTA FE/CASTELLANOS/GALISTEO,-31.0499697335994,-61.37189721427521,
ARGENTINA/SANTA FE/CASTELLANOS/GARIBALDI,-31.6508313150769,-61.804562376545896,
ARGENTINA/SANTA FE/CASTELLANOS/HUGENTOBLER,-30.9179967418684,-61.7543056849241,
ARGENTINA/SANTA FE/CASTELLANOS/HUMBERTO PRIMO,-30.8682089985819,-61.347995241358205,
ARGENTINA/SANTA FE/CASTELLANOS/JOSEFINA,-31.4062784062784,-61.991461318801,
ARGENTINA/SANTA FE/CASTELLANOS/LEHMANN,-31.1253128622675,-61.4522700936703,
ARGENTINA/SANTA FE/CASTELLANOS/MARIA JUANA,-31.6755496999509,-61.7516140564833,
ARGENTINA/SANTA FE/CASTELLANOS/PLAZA CLUCELLAS,-31.4522916564725,-61.7070689169147,
ARGENTINA/SANTA FE/CASTELLANOS/PRESIDENTE ROCA,-31.2120857939393,-61.61349532862129,
ARGENTINA/SANTA FE/CASTELLANOS/PUEBLO MARINI,-31.038191533410203,-61.8890681755536,
ARGENTINA/SANTA FE/CASTELLANOS/RAFAELA,-31.252602597026502,-61.491700145773706,
ARGENTINA/SANTA FE/CASTELLANOS/RAMONA,-31.0918003471287,-61.9024687358534,
ARGENTINA/SANTA FE/CASTELLANOS/SAGUIER,-31.3243697628305,-61.6680334903253,
ARGENTINA/SANTA FE/CASTELLANOS/SAN ANTONIO,-31.2115185416606,-61.7249756678152,
ARGENTINA/SANTA FE/CASTELLANOS/SANTA CLARA DE SAGUIER,-31.335583570575103,-61.817893725398704,
ARGENTINA/SANTA FE/CASTELLANOS/SAN VICENTE,-31.6990899706862,-61.5674358336436,
ARGENTINA/SANTA FE/CASTELLANOS/SUNCHALES,-30.9449335410826,-61.560710584756606,
ARGENTINA/SANTA FE/CASTELLANOS/SUSANA,-31.355813811967696,-61.5154833033625,
ARGENTINA/SANTA FE/CASTELLANOS/TACURAL,-30.8462179543261,-61.5918440139922,
ARGENTINA/SANTA FE/CASTELLANOS/TACURALES,-30.8218594391567,-61.7448134402561,
ARGENTINA/SANTA FE/CASTELLANOS/VILA,-31.190906353350503,-61.83372496011721,
ARGENTINA/SANTA FE/CASTELLANOS/VILLA SAN JOSE,-31.336732814902398,-61.621552972591,
ARGENTINA/SANTA FE/CASTELLANOS/VIRGINIA,-30.739120226282395,-61.341986594513905,
ARGENTINA/SANTA FE/CASTELLANOS/ZENON PEREYRA,-31.5598465547051,-61.89560191382521,
ARGENTINA/SANTA FE/CONSTITUCION/ALCORTA,-33.5407800505296,-61.1240231413921,
ARGENTINA/SANTA FE/CONSTITUCION/BOMBAL,-33.457901982166604,-61.31817367308621,
ARGENTINA/SANTA FE/CONSTITUCION/CANADA RICA,-33.5155285125481,-60.6119605358089,
ARGENTINA/SANTA FE/CONSTITUCION/CEPEDA,-33.397206851696,-60.6237178236743,
ARGENTINA/SANTA FE/CONSTITUCION/EMPALME VILLA CONSTITUCION,-33.2605632489291,-60.3819685053875,
ARGENTINA/SANTA FE/CONSTITUCION/GENERAL GELLY,-33.599682295974105,-60.5956421549745,
ARGENTINA/SANTA FE/CONSTITUCION/GODOY,-33.3683838811915,-60.507750031795595,
ARGENTINA/SANTA FE/CONSTITUCION/JUAN B. MOLINA,-33.4942973245847,-60.51260830423929,
ARGENTINA/SANTA FE/CONSTITUCION/JUNCAL,-33.7153188023253,-61.049228006505395,
ARGENTINA/SANTA FE/CONSTITUCION/LA VANGUARDIA,-33.358142916351106,-60.65700078358189,
ARGENTINA/SANTA FE/CONSTITUCION/MAXIMO PAZ,-33.4848206860162,-60.9572223592204,
ARGENTINA/SANTA FE/CONSTITUCION/PAVON,-33.2419983538825,-60.405247978740505,
ARGENTINA/SANTA FE/CONSTITUCION/PAVON ARRIBA,-33.3124572356477,-60.8241220990137,
ARGENTINA/SANTA FE/CONSTITUCION/PEYRANO,-33.538617380942604,-60.8014154807697,
ARGENTINA/SANTA FE/CONSTITUCION/RUEDA,-33.3341009952617,-60.4591317265629,
ARGENTINA/SANTA FE/CONSTITUCION/SANTA TERESA,-33.437764411501796,-60.790039959503495,
ARGENTINA/SANTA FE/CONSTITUCION/SARGENTO CABRAL,-33.4298797689977,-60.6268865797634,
ARGENTINA/SANTA FE/CONSTITUCION/THEOBALD,-33.3101497238863,-60.3116530324698,
ARGENTINA/SANTA FE/CONSTITUCION/VILLA CONSTITUCION,-33.231024099143895,-60.331720171841795,
ARGENTINA/SANTA FE/GARAY/CAYASTA,-31.200690843699498,-60.159465436027794,
ARGENTINA/SANTA FE/GARAY/COLONIA MASCIAS,-30.798576612009303,-60.0063560689159,
ARGENTINA/SANTA FE/GARAY/HELVECIA,-31.098852487063102,-60.089245432019304,
ARGENTINA/SANTA FE/GARAY/SALADERO CABAL,-30.8813002071198,-60.036191004306495,
ARGENTINA/SANTA FE/GARAY/SANTA ROSA DE CALCHINES,-31.4184076177775,-60.334917320398795,
ARGENTINA/SANTA FE/GENERAL LOPEZ/AARON CASTELLANOS,-34.3325875229992,-62.3741872908957,
ARGENTINA/SANTA FE/GENERAL LOPEZ/AMENABAR,-34.1323699411158,-62.4241479071978,
ARGENTINA/SANTA FE/GENERAL LOPEZ/CAFFERATA,-33.4401472906374,-62.082301403794204,
ARGENTINA/SANTA FE/GENERAL LOPEZ/CANADA DEL UCLE,-33.4080229100277,-61.60623256845471,
ARGENTINA/SANTA FE/GENERAL LOPEZ/CARMEN,-33.7329778015383,-61.7609209773459,
ARGENTINA/SANTA FE/GENERAL LOPEZ/CARRERAS,-33.5988287262981,-61.3096263844637,
ARGENTINA/SANTA FE/GENERAL LOPEZ/CHAPUY,-33.8004500227442,-61.7454559757811,
ARGENTINA/SANTA FE/GENERAL LOPEZ/CHOVET,-33.5991539184278,-61.6058509262848,
ARGENTINA/SANTA FE/GENERAL LOPEZ/CHRISTOPHERSEN,-34.181877755191195,-62.0248437858926,
ARGENTINA/SANTA FE/GENERAL LOPEZ/DIEGO DE ALVEAR,-34.3726214104544,-62.128024503256704,
ARGENTINA/SANTA FE/GENERAL LOPEZ/ELORTONDO,-33.6978839970603,-61.61706676938189,
ARGENTINA/SANTA FE/GENERAL LOPEZ/FIRMAT,-33.4579393951791,-61.4887359877353,
ARGENTINA/SANTA FE/GENERAL LOPEZ/HUGHES,-33.798651389491404,-61.33672280452579,
ARGENTINA/SANTA FE/GENERAL LOPEZ/LABORDEBOY,-33.720628386496394,-61.318303822229794,
ARGENTINA/SANTA FE/GENERAL LOPEZ/LA CHISPA,-33.5436373930413,-61.972858234988095,
ARGENTINA/SANTA FE/GENERAL LOPEZ/LAZZARINO,-34.164198597239796,-62.4323246587708,
ARGENTINA/SANTA FE/GENERAL LOPEZ/MAGGIOLO,-33.7221972020079,-62.246440165804394,
ARGENTINA/SANTA FE/GENERAL LOPEZ/MARIA TERESA,-34.0110713870926,-61.912662650004606,
ARGENTINA/SANTA FE/GENERAL LOPEZ/MELINCUE,-33.6611282844065,-61.457007333462,
ARGENTINA/SANTA FE/GENERAL LOPEZ/MIGUEL TORRES,-33.5278161854665,-61.465677850212096,
ARGENTINA/SANTA FE/GENERAL LOPEZ/MURPHY,-33.642595875840804,-61.85648216826671,
ARGENTINA/SANTA FE/GENERAL LOPEZ/RUFINO,-34.262775588102606,-62.71208288162379,
ARGENTINA/SANTA FE/GENERAL LOPEZ/SANCTI SPIRITU,-34.010222139727304,-62.2385016296349,
ARGENTINA/SANTA FE/GENERAL LOPEZ/SAN EDUARDO,-33.870640610986904,-62.0924646509896,
ARGENTINA/SANTA FE/GENERAL LOPEZ/SAN FRANCISCO DE SANTA FE,-33.5885377359985,-62.12373689125071,
ARGENTINA/SANTA FE/GENERAL LOPEZ/SAN GREGORIO,-34.3242517275426,-62.0366787027299,
ARGENTINA/SANTA FE/GENERAL LOPEZ/SANTA ISABEL,-33.8886773849839,-61.6936364878205,
ARGENTINA/SANTA FE/GENERAL LOPEZ/TEODELINA,-34.1878749711767,-61.5298538319981,
ARGENTINA/SANTA FE/GENERAL LOPEZ/VENADO TUERTO,-33.7408027037752,-61.9746443386777,
ARGENTINA/SANTA FE/GENERAL LOPEZ/VILLA CANAS,-34.0047368055672,-61.6034647704235,
ARGENTINA/SANTA FE/GENERAL LOPEZ/WHEELWRIGHT,-33.7901019016081,-61.2100169999168,
ARGENTINA/SANTA FE/GENERAL OBLIGADO/ARROYO CEIBAL,-28.7240713568918,-59.479273691360206,
ARGENTINA/SANTA FE/GENERAL OBLIGADO/AVELLANEDA,-29.115748802694803,-59.6590453700325,
ARGENTINA/SANTA FE/GENERAL OBLIGADO/BERNA,-29.2733373424409,-59.8464719797792,
ARGENTINA/SANTA FE/GENERAL OBLIGADO/EL ARAZA,-29.1328520843646,-59.94837882166921,
ARGENTINA/SANTA FE/GENERAL OBLIGADO/EL RABON,-28.2274557134028,-59.26384736355761,
ARGENTINA/SANTA FE/GENERAL OBLIGADO/EL SOMBRERITO,-28.655345372835104,-59.426720822383004,
ARGENTINA/SANTA FE/GENERAL OBLIGADO/FLORENCIA,-28.0406074552008,-59.220480832964704,
ARGENTINA/SANTA FE/GENERAL OBLIGADO/GUADALUPE NORTE,-28.9390423057725,-59.5624051066148,
ARGENTINA/SANTA FE/GENERAL OBLIGADO/INGENIERO CHANOURDIE,-28.7597113760465,-59.5768820983093,
ARGENTINA/SANTA FE/GENERAL OBLIGADO/LANTERI,-28.8406619340407,-59.6366976898542,
ARGENTINA/SANTA FE/GENERAL OBLIGADO/LA SARITA,-28.9722591309133,-59.8496989695505,
ARGENTINA/SANTA FE/GENERAL OBLIGADO/LAS GARZAS,-28.846125872817602,-59.4996821962372,
ARGENTINA/SANTA FE/GENERAL OBLIGADO/LAS TOSCAS,-28.3549096137108,-59.259415411391295,
ARGENTINA/SANTA FE/GENERAL OBLIGADO/LOS LAURELES,-29.369832932837202,-59.737702930457104,
ARGENTINA/SANTA FE/GENERAL OBLIGADO/MALABRIGO,-29.3487704037293,-59.970036478526204,
ARGENTINA/SANTA FE/GENERAL OBLIGADO/PUERTO RECONQUISTA,-29.235803413871604,-59.58124994600799,
ARGENTINA/SANTA FE/GENERAL OBLIGADO/RECONQUISTA,-29.1526110956939,-59.6542096944454,
ARGENTINA/SANTA FE/GENERAL OBLIGADO/SAN ANTONIO DE OBLIGADO,-28.3831146364812,-59.2643391701779,
ARGENTINA/SANTA FE/GENERAL OBLIGADO/TACUARENDI,-28.4143668427277,-59.2611739322085,
ARGENTINA/SANTA FE/GENERAL OBLIGADO/VILLA ANA,-28.4915738592731,-59.61346234984139,
ARGENTINA/SANTA FE/GENERAL OBLIGADO/VILLA GUILLERMINA,-28.242948720739697,-59.4556104995348,
ARGENTINA/SANTA FE/GENERAL OBLIGADO/VILLA OCAMPO,-28.487789786115304,-59.3548476465275,
ARGENTINA/SANTA FE/IRIONDO/BUSTINZA,-32.7381621549353,-61.2908760783391,
ARGENTINA/SANTA FE/IRIONDO/CANADA DE GOMEZ,-32.8231914239265,-61.3906669818485,
ARGENTINA/SANTA FE/IRIONDO/CARRIZALES,-32.5087533242876,-61.0323501856554,
ARGENTINA/SANTA FE/IRIONDO/CLASON,-32.4623617192488,-61.2904179199344,
ARGENTINA/SANTA FE/IRIONDO/CORREA,-32.8491777640776,-61.25458928470329,
ARGENTINA/SANTA FE/IRIONDO/OLIVEROS,-32.573902003895995,-60.8547086065893,
ARGENTINA/SANTA FE/IRIONDO/PUEBLO ANDINO,-32.6682521093395,-60.8733437436777,
ARGENTINA/SANTA FE/IRIONDO/SALTO GRANDE,-32.6687322143434,-61.0879685243021,
ARGENTINA/SANTA FE/IRIONDO/SERODINO,-32.603670493894704,-60.947276479304705,
ARGENTINA/SANTA FE/IRIONDO/TOTORAS,-32.5871595179817,-61.1716079311332,
ARGENTINA/SANTA FE/IRIONDO/VILLA ELOISA,-32.9639110738265,-61.5511256939555,
ARGENTINA/SANTA FE/LA CAPITAL/ANGEL GALLARDO,-31.554819734236197,-60.6771795660159,
ARGENTINA/SANTA FE/LA CAPITAL/ARROYO AGUIAR,-31.430041535521898,-60.665985023123206,
ARGENTINA/SANTA FE/LA CAPITAL/ARROYO LEYES,-31.5602028065443,-60.5203524287077,
ARGENTINA/SANTA FE/LA CAPITAL/CABAL,-31.0997374488072,-60.7466004662056,
ARGENTINA/SANTA FE/LA CAPITAL/CAMPO ANDINO,-31.2396409527834,-60.531194624509496,
ARGENTINA/SANTA FE/LA CAPITAL/CANDIOTI,-31.4014133472943,-60.7490130552808,
ARGENTINA/SANTA FE/LA CAPITAL/EMILIA,-31.059036181209397,-60.7449395894227,
ARGENTINA/SANTA FE/LA CAPITAL/LAGUNA PAIVA,-31.307283515802897,-60.6599857413255,
ARGENTINA/SANTA FE/LA CAPITAL/LLAMBI CAMPBELL,-31.1841665771092,-60.7477160528695,
ARGENTINA/SANTA FE/LA CAPITAL/MONTE VERA,-31.515489072201902,-60.6782933397416,
ARGENTINA/SANTA FE/LA CAPITAL/NELSON,-31.2657809827559,-60.764538615258296,
ARGENTINA/SANTA FE/LA CAPITAL/RECREO,-31.490859813993897,-60.735492544645204,
ARGENTINA/SANTA FE/LA CAPITAL/RINCON POTRERO,-31.5442692529524,-60.51231422099,
ARGENTINA/SANTA FE/LA CAPITAL/SAN JOSE DEL RINCON,-31.606458652470497,-60.5674550008564,
ARGENTINA/SANTA FE/LA CAPITAL/SANTA FE,-31.6244477760916,-60.698839780023796,
ARGENTINA/SANTA FE/LA CAPITAL/SANTO TOME,-31.662970063443197,-60.761801141433494,
ARGENTINA/SANTA FE/LA CAPITAL/SAUCE VIEJO,-31.7710726492983,-60.837176426578296,
ARGENTINA/SANTA FE/LAS COLONIAS/CAVOUR,-31.364777677719804,-61.016508607952396,
ARGENTINA/SANTA FE/LAS COLONIAS/CULULU,-31.2061382980265,-60.9299646011872,
ARGENTINA/SANTA FE/LAS COLONIAS/ELISA,-30.6957800556275,-61.0482834711285,
ARGENTINA/SANTA FE/LAS COLONIAS/EMPALME SAN CARLOS,-31.547751777092,-60.813654381855706,
ARGENTINA/SANTA FE/LAS COLONIAS/ESPERANZA,-31.4488251888843,-60.9302895690962,
ARGENTINA/SANTA FE/LAS COLONIAS/FELICIA,-31.2444170595229,-61.21214702746101,
ARGENTINA/SANTA FE/LAS COLONIAS/FRANCK,-31.5871430019304,-60.9383417939925,
ARGENTINA/SANTA FE/LAS COLONIAS/GRUTLY,-31.2681311713827,-61.0716775749664,
ARGENTINA/SANTA FE/LAS COLONIAS/HIPATIA,-31.1259049020783,-61.032668699819794,
ARGENTINA/SANTA FE/LAS COLONIAS/HUMBOLDT,-31.4008435170788,-61.08235818952029,
ARGENTINA/SANTA FE/LAS COLONIAS/LA PELADA,-30.8660498915556,-60.9683416804176,
ARGENTINA/SANTA FE/LAS COLONIAS/LAS TUNAS,-31.572006257732397,-60.9965289976526,
ARGENTINA/SANTA FE/LAS COLONIAS/MARIA LUISA,-31.010642843850302,-60.9107365777581,
ARGENTINA/SANTA FE/LAS COLONIAS/MATILDE,-31.791522407349895,-60.9800750675156,
ARGENTINA/SANTA FE/LAS COLONIAS/NUEVO TORINO,-31.3450513015999,-61.235081835229906,
ARGENTINA/SANTA FE/LAS COLONIAS/PILAR,-31.440411827182302,-61.2596699608025,
ARGENTINA/SANTA FE/LAS COLONIAS/PROGRESO,-31.1378236798785,-60.98957201779571,
ARGENTINA/SANTA FE/LAS COLONIAS/PROVIDENCIA,-30.982867180215397,-61.02118265844621,
ARGENTINA/SANTA FE/LAS COLONIAS/PUJATO NORTE,-31.520175102063998,-60.9285423456272,
ARGENTINA/SANTA FE/LAS COLONIAS/RIVADAVIA,-31.3242408482297,-61.05075880548921,
ARGENTINA/SANTA FE/LAS COLONIAS/SAN AGUSTIN,-31.682904188800997,-60.9406182112659,
ARGENTINA/SANTA FE/LAS COLONIAS/SAN CARLOS CENTRO,-31.7265822510746,-61.090770822883606,
ARGENTINA/SANTA FE/LAS COLONIAS/SAN CARLOS NORTE,-31.6725962793056,-61.074582557712205,
ARGENTINA/SANTA FE/LAS COLONIAS/SAN CARLOS SUD,-31.7608084364709,-61.10071527904589,
ARGENTINA/SANTA FE/LAS COLONIAS/SAN JERONIMO DEL SAUCE,-31.608927500403105,-61.1412472024407,
ARGENTINA/SANTA FE/LAS COLONIAS/SAN JERONIMO NORTE,-31.5526815927138,-61.0779142678842,
ARGENTINA/SANTA FE/LAS COLONIAS/SAN MARIANO,-31.6683602051408,-61.34725542973371,
ARGENTINA/SANTA FE/LAS COLONIAS/SANTA CLARA DE BUENA VISTA,-31.7623041980337,-61.3156744888705,
ARGENTINA/SANTA FE/LAS COLONIAS/SANTA MARIA CENTRO,-31.5213363401516,-61.3128619120187,
ARGENTINA/SANTA FE/LAS COLONIAS/SANTA MARIA NORTE,-31.5016783553303,-61.1366263465979,
ARGENTINA/SANTA FE/LAS COLONIAS/SANTO DOMINGO,-31.120427128386897,-60.8881105244454,
ARGENTINA/SANTA FE/LAS COLONIAS/SARMIENTO,-31.058582430672804,-61.167135747246704,
ARGENTINA/SANTA FE/LAS COLONIAS/SOUTOMAYOR,-30.9356681879423,-61.1651767420266,
ARGENTINA/SANTA FE/ROSARIO/ACEBAL,-33.2417207606926,-60.8365553438025,
ARGENTINA/SANTA FE/ROSARIO/ALBARELLOS,-33.2411590343082,-60.636223583046295,
ARGENTINA/SANTA FE/ROSARIO/ALVAREZ,-33.1296516845934,-60.80158226524261,
ARGENTINA/SANTA FE/ROSARIO/ALVEAR,-33.058097227129196,-60.618123072680795,
ARGENTINA/SANTA FE/ROSARIO/ARMINDA,-33.2638388028434,-60.966817503454706,
ARGENTINA/SANTA FE/ROSARIO/ARROYO SECO,-33.1562771451289,-60.5093889860201,
ARGENTINA/SANTA FE/ROSARIO/CARMEN DEL SAUCE,-33.235973270592105,-60.811709102228406,
ARGENTINA/SANTA FE/ROSARIO/CORONEL BOGADO,-33.3158262444222,-60.603002042544205,
ARGENTINA/SANTA FE/ROSARIO/CORONEL RODOLFO S. DOMINGUEZ,-33.1832461860827,-60.7193607181307,
ARGENTINA/SANTA FE/ROSARIO/FIGHIERA,-33.1937692522137,-60.46938454678579,
ARGENTINA/SANTA FE/ROSARIO/FUNES,-32.916020799639696,-60.811209996558105,
ARGENTINA/SANTA FE/ROSARIO/GENERAL LAGOS,-33.1098015171085,-60.56405174723721,
ARGENTINA/SANTA FE/ROSARIO/GRANADERO BAIGORRIA,-32.8613994541381,-60.701401687759294,
ARGENTINA/SANTA FE/ROSARIO/IBARLUCEA,-32.851869001809604,-60.7907099100656,
ARGENTINA/SANTA FE/ROSARIO/PEREZ,-32.9982788682695,-60.7687779628732,
ARGENTINA/SANTA FE/ROSARIO/PINERO,-33.1101363056718,-60.7954311489816,
ARGENTINA/SANTA FE/ROSARIO/PUEBLO ESTHER,-33.0750849907001,-60.5733326754531,
ARGENTINA/SANTA FE/ROSARIO/PUEBLO MUNOZ,-33.172026192672895,-60.8980925004955,
ARGENTINA/SANTA FE/ROSARIO/ROSARIO,-32.9581776022748,-60.666264034822795,
ARGENTINA/SANTA FE/ROSARIO/SOLDINI,-33.022264791413996,-60.7554621490602,
ARGENTINA/SANTA FE/ROSARIO/VILLA AMELIA,-33.1759073477375,-60.6666824213251,
ARGENTINA/SANTA FE/ROSARIO/VILLA GOBERNADOR GALVEZ,-33.0238200775839,-60.640608128941295,
ARGENTINA/SANTA FE/ROSARIO/ZAVALLA,-33.0216719712661,-60.879880974513505,
ARGENTINA/SANTA FE/SAN CRISTOBAL/AGUARA GRANDE,-30.116015105324998,-60.8908701857435,
ARGENTINA/SANTA FE/SAN CRISTOBAL/AMBROSETTI,-30.012953573910604,-61.5755177209725,
ARGENTINA/SANTA FE/SAN CRISTOBAL/ARRUFO,-30.232394100338002,-61.7279564079603,
ARGENTINA/SANTA FE/SAN CRISTOBAL/CAPIVARA,-30.4602272303054,-61.2712066957846,
ARGENTINA/SANTA FE/SAN CRISTOBAL/CERES,-29.883302051070103,-61.945823332652296,
ARGENTINA/SANTA FE/SAN CRISTOBAL/COLONIA ANA,-30.143701541529,-61.9136593990452,
ARGENTINA/SANTA FE/SAN CRISTOBAL/COLONIA BOSSI,-30.6683529777246,-61.78846602876679,
ARGENTINA/SANTA FE/SAN CRISTOBAL/COLONIA ROSA,-30.300682593083202,-61.9826463170366,
ARGENTINA/SANTA FE/SAN CRISTOBAL/CONSTANZA,-30.662036168297895,-61.3206383449662,
ARGENTINA/SANTA FE/SAN CRISTOBAL/HERSILIA,-30.0038704549013,-61.8388784954766,
ARGENTINA/SANTA FE/SAN CRISTOBAL/HUANQUEROS,-30.011910778991798,-61.2186079773183,
ARGENTINA/SANTA FE/SAN CRISTOBAL/LA CABRAL,-30.086786065795998,-61.17840898118361,
ARGENTINA/SANTA FE/SAN CRISTOBAL/LA LUCILA,-30.419774697347897,-61.00318329272329,
ARGENTINA/SANTA FE/SAN CRISTOBAL/LA RUBIA,-30.110115365529598,-61.7934871833392,
ARGENTINA/SANTA FE/SAN CRISTOBAL/LAS AVISPAS,-29.8931390124645,-61.2894163961487,
ARGENTINA/SANTA FE/SAN CRISTOBAL/LAS PALMERAS,-30.6301603110753,-61.6257556326126,
ARGENTINA/SANTA FE/SAN CRISTOBAL/MOISES VILLE,-30.7144621525702,-61.470541760435296,
ARGENTINA/SANTA FE/SAN CRISTOBAL/MONIGOTES,-30.4883665239821,-61.634197940080796,
ARGENTINA/SANTA FE/SAN CRISTOBAL/MONTE OSCURIDAD,-30.4414155114905,-62.102957743641205,
ARGENTINA/SANTA FE/SAN CRISTOBAL/NANDUCITA,-30.370729606340298,-61.1324647272546,
ARGENTINA/SANTA FE/SAN CRISTOBAL/PALACIOS,-30.7080224089183,-61.621867632015494,
ARGENTINA/SANTA FE/SAN CRISTOBAL/PORTUGALETE,-30.175980476150603,-61.28512007215421,
ARGENTINA/SANTA FE/SAN CRISTOBAL/SAN CRISTOBAL,-30.3102662201583,-61.2352988362004,
ARGENTINA/SANTA FE/SAN CRISTOBAL/SAN GUILLERMO,-30.3584241712542,-61.9173174037163,
ARGENTINA/SANTA FE/SAN CRISTOBAL/SANTURCE,-30.187945559527698,-61.18529910227329,
ARGENTINA/SANTA FE/SAN CRISTOBAL/SOLEDAD,-30.619484332961502,-60.9145122355208,
ARGENTINA/SANTA FE/SAN CRISTOBAL/SUARDI,-30.5343559734346,-61.961077175171006,
ARGENTINA/SANTA FE/SAN CRISTOBAL/VILLA SARALEGUI,-30.541459237456998,-60.7492379157909,
ARGENTINA/SANTA FE/SAN CRISTOBAL/VILLA TRINIDAD,-30.215822530215203,-61.8769808170704,
ARGENTINA/SANTA FE/SAN JAVIER/ALEJANDRA,-29.909408940362898,-59.8270260858918,
ARGENTINA/SANTA FE/SAN JAVIER/CACIQUE ARIACAIQUIN,-30.654854750381304,-60.2283458893361,
ARGENTINA/SANTA FE/SAN JAVIER/COLONIA DURAN,-29.560661515987803,-59.9263922449449,
ARGENTINA/SANTA FE/SAN JAVIER/COLONIA TERESA,-30.251388969953197,-59.9707088918412,
ARGENTINA/SANTA FE/SAN JAVIER/LA BRAVA,-30.445318166883503,-60.141153848310005,
ARGENTINA/SANTA FE/SAN JAVIER/ROMANG,-29.5025787760718,-59.7526045782446,
ARGENTINA/SANTA FE/SAN JAVIER/SAN JAVIER,-30.582089168867697,-59.9339760836444,
ARGENTINA/SANTA FE/SAN JERONIMO/AROCENA,-32.0777695119787,-60.973404062801706,
ARGENTINA/SANTA FE/SAN JERONIMO/BARRANCAS,-32.234336084893606,-60.9835839115771,
ARGENTINA/SANTA FE/SAN JERONIMO/BERNARDO DE IRIGOYEN,-32.1684827938933,-61.156876294095,
ARGENTINA/SANTA FE/SAN JERONIMO/CAMPO PIAGGIO,-31.9666615418929,-61.328649447846004,
ARGENTINA/SANTA FE/SAN JERONIMO/CASALEGNO,-32.263345284566306,-61.1257434722812,
ARGENTINA/SANTA FE/SAN JERONIMO/CENTENO,-32.2959772341255,-61.407336813971995,
ARGENTINA/SANTA FE/SAN JERONIMO/CORONDA,-31.974489090876197,-60.916112357900495,
ARGENTINA/SANTA FE/SAN JERONIMO/DESVIO ARIJON,-31.871765391735703,-60.88633738265389,
ARGENTINA/SANTA FE/SAN JERONIMO/DIAZ,-32.3722744216181,-61.089506545578296,
ARGENTINA/SANTA FE/SAN JERONIMO/GABOTO,-32.4324617335088,-60.8178616494627,
ARGENTINA/SANTA FE/SAN JERONIMO/GALVEZ,-32.029903161936005,-61.22435361225921,
ARGENTINA/SANTA FE/SAN JERONIMO/GESSLER,-31.8743299027313,-61.1268275485859,
ARGENTINA/SANTA FE/SAN JERONIMO/IRIGOYEN,-32.1576640479963,-61.10871702623079,
ARGENTINA/SANTA FE/SAN JERONIMO/LARRECHEA,-31.9341071096277,-61.049309871625795,
ARGENTINA/SANTA FE/SAN JERONIMO/LOMA ALTA,-31.9599213197539,-61.1767998089435,
ARGENTINA/SANTA FE/SAN JERONIMO/LOPEZ,-31.905003567403302,-61.281673580472706,
ARGENTINA/SANTA FE/SAN JERONIMO/MACIEL,-32.4567762201571,-60.8924286461948,
ARGENTINA/SANTA FE/SAN JERONIMO/MONJE,-32.3603147352081,-60.9428896806971,
ARGENTINA/SANTA FE/SAN JERONIMO/PUEBLO IRIGOYEN,-32.1576640479963,-61.10871702623079,
ARGENTINA/SANTA FE/SAN JERONIMO/SAN EUGENIO,-32.0761853759738,-61.115724016558,
ARGENTINA/SANTA FE/SAN JERONIMO/SAN FABIAN,-32.137982130099694,-60.9830519904231,
ARGENTINA/SANTA FE/SAN JERONIMO/SAN GENARO,-32.3715685095106,-61.35999062469689,
ARGENTINA/SANTA FE/SAN JUSTO/ANGELONI,-30.8569863433872,-60.649385157976205,
ARGENTINA/SANTA FE/SAN JUSTO/CAMPO LA PEPITA,-31.965424,-60.913846,
ARGENTINA/SANTA FE/SAN JUSTO/CAYASTACITO,-31.1128019628163,-60.5799829308033,
ARGENTINA/SANTA FE/SAN JUSTO/COLONIA DOLORES,-30.382369474558303,-60.3306623755451,
ARGENTINA/SANTA FE/SAN JUSTO/ESTHER,-31.041680128071498,-60.643650566147,
ARGENTINA/SANTA FE/SAN JUSTO/GOBERNADOR CRESPO,-30.3627041484189,-60.40161022035171,
ARGENTINA/SANTA FE/SAN JUSTO/LA CAMILA,-30.079397150050898,-60.5634511951515,
ARGENTINA/SANTA FE/SAN JUSTO/LA CRIOLLA,-30.2261004797363,-60.363921085315894,
ARGENTINA/SANTA FE/SAN JUSTO/MARCELINO ESCALADA,-30.5809345704529,-60.4684282715891,
ARGENTINA/SANTA FE/SAN JUSTO/NARE,-30.9511632210425,-60.4677847730901,
ARGENTINA/SANTA FE/SAN JUSTO/PEDRO GOMEZ CELLO,-30.037034708658,-60.31523997656011,
ARGENTINA/SANTA FE/SAN JUSTO/RAMAYON,-30.673517620609697,-60.500977840948,
ARGENTINA/SANTA FE/SAN JUSTO/SAN JUSTO,-30.7893802028885,-60.591840939709606,
ARGENTINA/SANTA FE/SAN JUSTO/SAN MARTIN NORTE,-30.3455534403436,-60.3036448772748,
ARGENTINA/SANTA FE/SAN JUSTO/SILVA,-30.449012058761397,-60.4308861875941,
ARGENTINA/SANTA FE/SAN JUSTO/VERA Y PINTADO,-30.142136351817197,-60.3387249890353,
ARGENTINA/SANTA FE/SAN JUSTO/VIDELA,-30.9447758049159,-60.656589800227,
ARGENTINA/SANTA FE/SAN LORENZO/ALDAO,-32.7044058849933,-60.815810348357296,
ARGENTINA/SANTA FE/SAN LORENZO/CAPITAN BERMUDEZ,-32.819332199675,-60.719703100068706,
ARGENTINA/SANTA FE/SAN LORENZO/CARCARANA,-32.857316960780004,-61.1518868483125,
ARGENTINA/SANTA FE/SAN LORENZO/CORONEL ARNOLD,-33.1052532166914,-60.9659292736491,
ARGENTINA/SANTA FE/SAN LORENZO/FRAY LUIS BELTRAN,-32.7903110151674,-60.7278066519309,
ARGENTINA/SANTA FE/SAN LORENZO/FUENTES,-33.172523843772105,-61.07423220655661,
ARGENTINA/SANTA FE/SAN LORENZO/LUIS PALACIOS,-32.7827770709149,-60.90550592550961,
ARGENTINA/SANTA FE/SAN LORENZO/PUERTO GENERAL SAN MARTIN,-32.7160656756848,-60.7313495579916,
ARGENTINA/SANTA FE/SAN LORENZO/PUJATO,-33.0164827498645,-61.0437605615198,
ARGENTINA/SANTA FE/SAN LORENZO/RICARDONE,-32.7729893790762,-60.7839359994775,
ARGENTINA/SANTA FE/SAN LORENZO/ROLDAN,-32.9001807475929,-60.9049276485643,
ARGENTINA/SANTA FE/SAN LORENZO/SAN JERONIMO SUD,-32.8789981439637,-61.0234150127674,
ARGENTINA/SANTA FE/SAN LORENZO/SAN LORENZO,-32.7444090539389,-60.7377849657457,
ARGENTINA/SANTA FE/SAN LORENZO/TIMBUES,-32.6677966607179,-60.793647250826396,
ARGENTINA/SANTA FE/SAN LORENZO/VILLA MUGUETA,-33.3129506649039,-61.053436871285804,
ARGENTINA/SANTA FE/SAN MARTIN/CANADA ROSQUIN,-32.0543780058874,-61.601975888681494,
ARGENTINA/SANTA FE/SAN MARTIN/CARLOS PELLEGRINI,-32.0503853514693,-61.7828939545905,
ARGENTINA/SANTA FE/SAN MARTIN/CASAS,-32.125788074252604,-61.5396713018434,
ARGENTINA/SANTA FE/SAN MARTIN/CASTELAR,-31.668426020744,-62.0902679781499,
ARGENTINA/SANTA FE/SAN MARTIN/COLONIA BELGRANO,-31.9093923029948,-61.4008454379659,
ARGENTINA/SANTA FE/SAN MARTIN/CRISPI,-31.739772816594,-62.037148137172096,
ARGENTINA/SANTA FE/SAN MARTIN/EL TREBOL,-32.1979249398943,-61.7020123943084,
ARGENTINA/SANTA FE/SAN MARTIN/LANDETA,-32.0126538140241,-62.0618982968427,
ARGENTINA/SANTA FE/SAN MARTIN/LAS BANDURRIAS,-32.197173419931396,-61.4915949462638,
ARGENTINA/SANTA FE/SAN MARTIN/LAS PETACAS,-31.820965263432804,-62.112120655023006,
ARGENTINA/SANTA FE/SAN MARTIN/LOS CARDOS,-32.3223677183051,-61.6314474239535,
ARGENTINA/SANTA FE/SAN MARTIN/MARIA SUSANA,-32.2668431762649,-61.905797533804595,
ARGENTINA/SANTA FE/SAN MARTIN/PIAMONTE,-32.1439438617607,-61.98019018249829,
ARGENTINA/SANTA FE/SAN MARTIN/SAN JORGE,-31.896111639748998,-61.8597058985602,
ARGENTINA/SANTA FE/SAN MARTIN/SAN MARTIN DE LAS ESCOBAS,-31.8573772321931,-61.5695019362257,
ARGENTINA/SANTA FE/SAN MARTIN/SASTRE,-31.7675066151857,-61.8288053199475,
ARGENTINA/SANTA FE/SAN MARTIN/TRAILL,-31.9213297599252,-61.7026780016741,
ARGENTINA/SANTA FE/VERA/CALCHAQUI,-29.8887701261796,-60.2844692096576,
ARGENTINA/SANTA FE/VERA/CANADA OMBU,-28.3092965426518,-59.9820339990242,
ARGENTINA/SANTA FE/VERA/FORTIN OLMOS,-29.0523894438723,-60.414399305085105,
ARGENTINA/SANTA FE/VERA/GARABATO,-28.954641821332803,-60.137937524059105,
ARGENTINA/SANTA FE/VERA/GOLONDRINA,-28.557218844718104,-60.024538095950206,
ARGENTINA/SANTA FE/VERA/INTIYACO,-28.675598495523502,-60.0721808616407,
ARGENTINA/SANTA FE/VERA/LA GALLARETA,-29.5851838089359,-60.3794876106019,
ARGENTINA/SANTA FE/VERA/LOS AMORES,-28.103118766065396,-59.97774948741839,
ARGENTINA/SANTA FE/VERA/MARGARITA,-29.6925772548335,-60.2521464990524,
ARGENTINA/SANTA FE/VERA/TARTAGAL,-28.6717824118982,-59.845568480573796,
ARGENTINA/SANTA FE/VERA/TOBA,-29.266189197920397,-60.1716523984052,
ARGENTINA/SANTA FE/VERA/VERA,-29.463665107086896,-60.2146363048765,
